prompt,seed,Generic Stable Diffusion,Pure Finetune,Positive,Contrastive
"Photo of a building, in Mexico",62681,Mexico/genericSD/building_in_Mexico62681.png,Mexico/baseline/building_in_Mexico62681.png,Mexico/positive/building_in_Mexico62681.png,Mexico/contrastive/building_in_Mexico62681.png
"Photo of a building, in Mexico",74,Mexico/genericSD/building_in_Mexico74.png,Mexico/baseline/building_in_Mexico74.png,Mexico/positive/building_in_Mexico74.png,Mexico/contrastive/building_in_Mexico74.png
"People wearing traditional clothing, in Mexico",14763,Mexico/genericSD/clothing_in_Mexico14763.png,Mexico/baseline/clothing_in_Mexico14763.png,Mexico/positive/clothing_in_Mexico14763.png,Mexico/contrastive/clothing_in_Mexico14763.png
"People wearing traditional clothing, in Mexico",15738,Mexico/genericSD/clothing_in_Mexico15738.png,Mexico/baseline/clothing_in_Mexico15738.png,Mexico/positive/clothing_in_Mexico15738.png,Mexico/contrastive/clothing_in_Mexico15738.png
"People wearing traditional clothing, in Mexico",21001,Mexico/genericSD/clothing_in_Mexico21001.png,Mexico/baseline/clothing_in_Mexico21001.png,Mexico/positive/clothing_in_Mexico21001.png,Mexico/contrastive/clothing_in_Mexico21001.png
"People wearing traditional clothing, in Mexico",48123,Mexico/genericSD/clothing_in_Mexico48123.png,Mexico/baseline/clothing_in_Mexico48123.png,Mexico/positive/clothing_in_Mexico48123.png,Mexico/contrastive/clothing_in_Mexico48123.png
"People wearing traditional clothing, in Mexico",5594,Mexico/genericSD/clothing_in_Mexico5594.png,Mexico/baseline/clothing_in_Mexico5594.png,Mexico/positive/clothing_in_Mexico5594.png,Mexico/contrastive/clothing_in_Mexico5594.png
"Dancers are performing traditional dancing, in Mexico",14763,Mexico/genericSD/dancing_in_Mexico14763.png,Mexico/baseline/dancing_in_Mexico14763.png,Mexico/positive/dancing_in_Mexico14763.png,Mexico/contrastive/dancing_in_Mexico14763.png
"Dancers are performing traditional dancing, in Mexico",15738,Mexico/genericSD/dancing_in_Mexico15738.png,Mexico/baseline/dancing_in_Mexico15738.png,Mexico/positive/dancing_in_Mexico15738.png,Mexico/contrastive/dancing_in_Mexico15738.png
"Dancers are performing traditional dancing, in Mexico",21001,Mexico/genericSD/dancing_in_Mexico21001.png,Mexico/baseline/dancing_in_Mexico21001.png,Mexico/positive/dancing_in_Mexico21001.png,Mexico/contrastive/dancing_in_Mexico21001.png
"Dancers are performing traditional dancing, in Mexico",48123,Mexico/genericSD/dancing_in_Mexico48123.png,Mexico/baseline/dancing_in_Mexico48123.png,Mexico/positive/dancing_in_Mexico48123.png,Mexico/contrastive/dancing_in_Mexico48123.png
"Dancers are performing traditional dancing, in Mexico",98,Mexico/genericSD/dancing_in_Mexico98.png,Mexico/baseline/dancing_in_Mexico98.png,Mexico/positive/dancing_in_Mexico98.png,Mexico/contrastive/dancing_in_Mexico98.png
"Photo of a family, in Mexico",12345,Mexico/genericSD/family_in_Mexico12345.png,Mexico/baseline/family_in_Mexico12345.png,Mexico/positive/family_in_Mexico12345.png,Mexico/contrastive/family_in_Mexico12345.png
"Photo of a family, in Mexico",15738,Mexico/genericSD/family_in_Mexico15738.png,Mexico/baseline/family_in_Mexico15738.png,Mexico/positive/family_in_Mexico15738.png,Mexico/contrastive/family_in_Mexico15738.png
"Photo of a family, in Mexico",2823,Mexico/genericSD/family_in_Mexico2823.png,Mexico/baseline/family_in_Mexico2823.png,Mexico/positive/family_in_Mexico2823.png,Mexico/contrastive/family_in_Mexico2823.png
"Photo of a family, in Mexico",62681,Mexico/genericSD/family_in_Mexico62681.png,Mexico/baseline/family_in_Mexico62681.png,Mexico/positive/family_in_Mexico62681.png,Mexico/contrastive/family_in_Mexico62681.png
"Photo of a family, in Mexico",74,Mexico/genericSD/family_in_Mexico74.png,Mexico/baseline/family_in_Mexico74.png,Mexico/positive/family_in_Mexico74.png,Mexico/contrastive/family_in_Mexico74.png
"Photo of a house, in Mexico",54563,Mexico/genericSD/house_in_Mexico54563.png,Mexico/baseline/house_in_Mexico54563.png,Mexico/positive/house_in_Mexico54563.png,Mexico/contrastive/house_in_Mexico54563.png
"Photo of a house, in Mexico",60861,Mexico/genericSD/house_in_Mexico60861.png,Mexico/baseline/house_in_Mexico60861.png,Mexico/positive/house_in_Mexico60861.png,Mexico/contrastive/house_in_Mexico60861.png
"Photo of a house, in Mexico",62681,Mexico/genericSD/house_in_Mexico62681.png,Mexico/baseline/house_in_Mexico62681.png,Mexico/positive/house_in_Mexico62681.png,Mexico/contrastive/house_in_Mexico62681.png
"Photo of a house, in Mexico",98,Mexico/genericSD/house_in_Mexico98.png,Mexico/baseline/house_in_Mexico98.png,Mexico/positive/house_in_Mexico98.png,Mexico/contrastive/house_in_Mexico98.png
People celebrating Mexico day of the dead,43448,Mexico/genericSD/of_the_dead43448.png,Mexico/baseline/of_the_dead43448.png,Mexico/positive/of_the_dead43448.png,Mexico/contrastive/of_the_dead43448.png
People celebrating Mexico day of the dead,44333,Mexico/genericSD/of_the_dead44333.png,Mexico/baseline/of_the_dead44333.png,Mexico/positive/of_the_dead44333.png,Mexico/contrastive/of_the_dead44333.png
People celebrating Mexico day of the dead,98,Mexico/genericSD/of_the_dead98.png,Mexico/baseline/of_the_dead98.png,Mexico/positive/of_the_dead98.png,Mexico/contrastive/of_the_dead98.png
"Photo of a school, in Mexico",21001,Mexico/genericSD/school_in_Mexico21001.png,Mexico/baseline/school_in_Mexico21001.png,Mexico/positive/school_in_Mexico21001.png,Mexico/contrastive/school_in_Mexico21001.png
"Photo of a school, in Mexico",54563,Mexico/genericSD/school_in_Mexico54563.png,Mexico/baseline/school_in_Mexico54563.png,Mexico/positive/school_in_Mexico54563.png,Mexico/contrastive/school_in_Mexico54563.png
"People walking on the street, in Mexico",15738,Mexico/genericSD/street_in_Mexico15738.png,Mexico/baseline/street_in_Mexico15738.png,Mexico/positive/street_in_Mexico15738.png,Mexico/contrastive/street_in_Mexico15738.png
"People walking on the street, in Mexico",43448,Mexico/genericSD/street_in_Mexico43448.png,Mexico/baseline/street_in_Mexico43448.png,Mexico/positive/street_in_Mexico43448.png,Mexico/contrastive/street_in_Mexico43448.png
"People walking on the street, in Mexico",74,Mexico/genericSD/street_in_Mexico74.png,Mexico/baseline/street_in_Mexico74.png,Mexico/positive/street_in_Mexico74.png,Mexico/contrastive/street_in_Mexico74.png
"University student studying, in Mexico",12345,Mexico/genericSD/studying_in_Mexico12345.png,Mexico/baseline/studying_in_Mexico12345.png,Mexico/positive/studying_in_Mexico12345.png,Mexico/contrastive/studying_in_Mexico12345.png
"University student studying, in Mexico",14763,Mexico/genericSD/studying_in_Mexico14763.png,Mexico/baseline/studying_in_Mexico14763.png,Mexico/positive/studying_in_Mexico14763.png,Mexico/contrastive/studying_in_Mexico14763.png
"University student studying, in Mexico",21001,Mexico/genericSD/studying_in_Mexico21001.png,Mexico/baseline/studying_in_Mexico21001.png,Mexico/positive/studying_in_Mexico21001.png,Mexico/contrastive/studying_in_Mexico21001.png
"University student studying, in Mexico",528,Mexico/genericSD/studying_in_Mexico528.png,Mexico/baseline/studying_in_Mexico528.png,Mexico/positive/studying_in_Mexico528.png,Mexico/contrastive/studying_in_Mexico528.png
"University student studying, in Mexico",98,Mexico/genericSD/studying_in_Mexico98.png,Mexico/baseline/studying_in_Mexico98.png,Mexico/positive/studying_in_Mexico98.png,Mexico/contrastive/studying_in_Mexico98.png
"A woman is painting in a traditional style, in Mexico",15738,Mexico/genericSD/style_in_Mexico15738.png,Mexico/baseline/style_in_Mexico15738.png,Mexico/positive/style_in_Mexico15738.png,Mexico/contrastive/style_in_Mexico15738.png
"A woman is painting in a traditional style, in Mexico",29105,Mexico/genericSD/style_in_Mexico29105.png,Mexico/baseline/style_in_Mexico29105.png,Mexico/positive/style_in_Mexico29105.png,Mexico/contrastive/style_in_Mexico29105.png
"A woman is painting in a traditional style, in Mexico",48123,Mexico/genericSD/style_in_Mexico48123.png,Mexico/baseline/style_in_Mexico48123.png,Mexico/positive/style_in_Mexico48123.png,Mexico/contrastive/style_in_Mexico48123.png
"A woman is painting in a traditional style, in Mexico",60861,Mexico/genericSD/style_in_Mexico60861.png,Mexico/baseline/style_in_Mexico60861.png,Mexico/positive/style_in_Mexico60861.png,Mexico/contrastive/style_in_Mexico60861.png
"A woman is painting in a traditional style, in Mexico",64011,Mexico/genericSD/style_in_Mexico64011.png,Mexico/baseline/style_in_Mexico64011.png,Mexico/positive/style_in_Mexico64011.png,Mexico/contrastive/style_in_Mexico64011.png
"Family is eating together, in Mexico",14763,Mexico/genericSD/together_in_Mexico14763.png,Mexico/baseline/together_in_Mexico14763.png,Mexico/positive/together_in_Mexico14763.png,Mexico/contrastive/together_in_Mexico14763.png
"Family is eating together, in Mexico",54563,Mexico/genericSD/together_in_Mexico54563.png,Mexico/baseline/together_in_Mexico54563.png,Mexico/positive/together_in_Mexico54563.png,Mexico/contrastive/together_in_Mexico54563.png
"Family is eating together, in Mexico",58470,Mexico/genericSD/together_in_Mexico58470.png,Mexico/baseline/together_in_Mexico58470.png,Mexico/positive/together_in_Mexico58470.png,Mexico/contrastive/together_in_Mexico58470.png
"Family is eating together, in Mexico",60861,Mexico/genericSD/together_in_Mexico60861.png,Mexico/baseline/together_in_Mexico60861.png,Mexico/positive/together_in_Mexico60861.png,Mexico/contrastive/together_in_Mexico60861.png
"Family is eating together, in Mexico",98,Mexico/genericSD/together_in_Mexico98.png,Mexico/baseline/together_in_Mexico98.png,Mexico/positive/together_in_Mexico98.png,Mexico/contrastive/together_in_Mexico98.png
"People performing traditional music instrument, in Mexico",15738,Mexico/genericSD/traditional_music_instrument15738.png,Mexico/baseline/traditional_music_instrument15738.png,Mexico/positive/traditional_music_instrument15738.png,Mexico/contrastive/traditional_music_instrument15738.png
"People performing traditional music instrument, in Mexico",21001,Mexico/genericSD/traditional_music_instrument21001.png,Mexico/baseline/traditional_music_instrument21001.png,Mexico/positive/traditional_music_instrument21001.png,Mexico/contrastive/traditional_music_instrument21001.png
"People performing traditional music instrument, in Mexico",48232,Mexico/genericSD/traditional_music_instrument48232.png,Mexico/baseline/traditional_music_instrument48232.png,Mexico/positive/traditional_music_instrument48232.png,Mexico/contrastive/traditional_music_instrument48232.png
"People performing traditional music instrument, in Mexico",528,Mexico/genericSD/traditional_music_instrument528.png,Mexico/baseline/traditional_music_instrument528.png,Mexico/positive/traditional_music_instrument528.png,Mexico/contrastive/traditional_music_instrument528.png
"People performing traditional music instrument, in Mexico",58470,Mexico/genericSD/traditional_music_instrument58470.png,Mexico/baseline/traditional_music_instrument58470.png,Mexico/positive/traditional_music_instrument58470.png,Mexico/contrastive/traditional_music_instrument58470.png
"People performing traditional music instrument, in Mexico",74,Mexico/genericSD/traditional_music_instrument74.png,Mexico/baseline/traditional_music_instrument74.png,Mexico/positive/traditional_music_instrument74.png,Mexico/contrastive/traditional_music_instrument74.png